Dice left with max porbability of 5e-15,Expected Value
5,558.1191877321678
4,366.70390122491585
3,254.56871589905575
2,205.5204522143564
1,210.8657726623866
