Dice left with max porbability of 5e-05,Expected Value
6,730.085389318584
5,482.70716292649143
4,317.76162299272994
3,217.71950150438425
2,171.690837117644
1,175.7027622262997
