Dice left with max porbability of 5e-15,Expected Value
5,435.11114034743713
4,316.0323452220372
3,225.88033429577183
2,173.81039244157574
1,169.97711747045292
